Model Name,URL
RF20HFENBBC/AA,https://www.samsungparts.com/blogs/refrigerator/rf20hfenbbc-aa
RF20HFENBSR/AA,https://www.samsungparts.com/blogs/refrigerator/rf20hfenbsr-aa
RF22A4121SR/AA,https://www.samsungparts.com/blogs/refrigerator/rf22a4121sr-aa
RF22A4121WW/AA,https://www.samsungparts.com/blogs/refrigerator/rf22a4121ww-aa
RF22A4221SG/AA,https://www.samsungparts.com/blogs/refrigerator/rf22a4221sg-aa
RF22A4221SR/AA,https://www.samsungparts.com/blogs/refrigerator/rf22a4221sr-aa
RF22K9381SG/AA,https://www.samsungparts.com/blogs/refrigerator/rf22k9381sg-aa
RF22K9381SR/AA,https://www.samsungparts.com/blogs/refrigerator/rf22k9381sr-aa
RF22K9581SG/AA,https://www.samsungparts.com/blogs/refrigerator/rf22k9581sg-aa
RF22KREDBSG/AA,https://www.samsungparts.com/blogs/refrigerator/rf22kredbsg-aa
RF22KREDBSR/AA,https://www.samsungparts.com/blogs/refrigerator/rf22kredbsr-aa
RF22M9581SG/AA,https://www.samsungparts.com/blogs/refrigerator/rf22m9581sg-aa
RF22M9581SR/AA,https://www.samsungparts.com/blogs/refrigerator/rf22m9581sr-aa
RF22N9781SG/AA,https://www.samsungparts.com/blogs/refrigerator/rf22n9781sg-aa
RF22N9781SR/AA,https://www.samsungparts.com/blogs/refrigerator/rf22n9781sr-aa
RF22NPEDBSG/AA,https://www.samsungparts.com/blogs/refrigerator/rf22npedbsg-aa
RF22NPEDBSR/AA,https://www.samsungparts.com/blogs/refrigerator/rf22npedbsr-aa
RF22R7351DT/AA,https://www.samsungparts.com/blogs/refrigerator/rf22r7351dt-aa
RF22R7351SG/AA,https://www.samsungparts.com/blogs/refrigerator/rf22r7351sg-aa
RF22R7351SR/AA,https://www.samsungparts.com/blogs/refrigerator/rf22r7351sr-aa
RF22R7551DT/AA,https://www.samsungparts.com/blogs/refrigerator/rf22r7551dt-aa
RF22R7551SG/AA,https://www.samsungparts.com/blogs/refrigerator/rf22r7551sg-aa
RF22R7551SR/AA,https://www.samsungparts.com/blogs/refrigerator/rf22r7551sr-aa
RF23A9071SG/AA,https://www.samsungparts.com/blogs/refrigerator/rf23a9071sg-aa
RF23A9071SR/AA,https://www.samsungparts.com/blogs/refrigerator/rf23a9071sr-aa
RF23A9671SG/AA,https://www.samsungparts.com/blogs/refrigerator/rf23a9671sg-aa
RF23A9671SR/AA,https://www.samsungparts.com/blogs/refrigerator/rf23a9671sr-aa
RF23A967512/AA,https://www.samsungparts.com/blogs/refrigerator/rf23a967512-aa
RF23A967535/AA,https://www.samsungparts.com/blogs/refrigerator/rf23a967535-aa
RF23A967541/AA,https://www.samsungparts.com/blogs/refrigerator/rf23a967541-aa
RF23A9675AP/AA,https://www.samsungparts.com/blogs/refrigerator/rf23a9675ap-aa
RF23A9675MT/AA,https://www.samsungparts.com/blogs/refrigerator/rf23a9675mt-aa
RF23A9771SG/AA,https://www.samsungparts.com/blogs/refrigerator/rf23a9771sg-aa
RF23A9771SR/AA,https://www.samsungparts.com/blogs/refrigerator/rf23a9771sr-aa
RF23B7671SR/AA,https://www.samsungparts.com/blogs/refrigerator/rf23b7671sr-aa
RF23BB820012AA,https://www.samsungparts.com/blogs/refrigerator/rf23bb820012aa
RF23BB8200APAA,https://www.samsungparts.com/blogs/refrigerator/rf23bb8200apaa
RF23BB8200QLAA,https://www.samsungparts.com/blogs/refrigerator/rf23bb8200qlaa
RF23BB860012AA,https://www.samsungparts.com/blogs/refrigerator/rf23bb860012aa
RF23BB86004MAA,https://www.samsungparts.com/blogs/refrigerator/rf23bb86004maa
RF23BB8600APAA,https://www.samsungparts.com/blogs/refrigerator/rf23bb8600apaa
RF23BB8600QLAA,https://www.samsungparts.com/blogs/refrigerator/rf23bb8600qlaa
RF23BB890012AA,https://www.samsungparts.com/blogs/refrigerator/rf23bb890012aa
RF23BB89008MAA,https://www.samsungparts.com/blogs/refrigerator/rf23bb89008maa
RF23BB8900ACAA,https://www.samsungparts.com/blogs/refrigerator/rf23bb8900acaa
RF23BB8900AWAA,https://www.samsungparts.com/blogs/refrigerator/rf23bb8900awaa
RF23BB8900QKAA,https://www.samsungparts.com/blogs/refrigerator/rf23bb8900qkaa
RF23CB9900QKAA,https://www.samsungparts.com/blogs/refrigerator/rf23cb9900qkaa
RF23DB960012AA,https://www.samsungparts.com/blogs/refrigerator/rf23db960012aa
RF23DB9600APAA,https://www.samsungparts.com/blogs/refrigerator/rf23db9600apaa
RF23DB9600QLAA,https://www.samsungparts.com/blogs/refrigerator/rf23db9600qlaa
RF23DB970012AA,https://www.samsungparts.com/blogs/refrigerator/rf23db970012aa
RF23DB9700QLAA,https://www.samsungparts.com/blogs/refrigerator/rf23db9700qlaa
RF23DB9750QLAA,https://www.samsungparts.com/blogs/refrigerator/rf23db9750qlaa
RF23DB990012AA,https://www.samsungparts.com/blogs/refrigerator/rf23db990012aa
RF23DB9900QDAA,https://www.samsungparts.com/blogs/refrigerator/rf23db9900qdaa
RF23HCEDBSG/AA,https://www.samsungparts.com/blogs/refrigerator/rf23hcedbsg-aa
RF23J9011SG/AA,https://www.samsungparts.com/blogs/refrigerator/rf23j9011sg-aa
RF23J9011SR/AA,https://www.samsungparts.com/blogs/refrigerator/rf23j9011sr-aa
RF23M8070DT/AA,https://www.samsungparts.com/blogs/refrigerator/rf23m8070dt-aa
RF23M8960S4/AA,https://www.samsungparts.com/blogs/refrigerator/rf23m8960s4-aa
RF23R6201DT/AA,https://www.samsungparts.com/blogs/refrigerator/rf23r6201dt-aa
RF23R6201SG/AA,https://www.samsungparts.com/blogs/refrigerator/rf23r6201sg-aa
RF23R6201SR/AA,https://www.samsungparts.com/blogs/refrigerator/rf23r6201sr-aa
RF23R6201WW/AA,https://www.samsungparts.com/blogs/refrigerator/rf23r6201ww-aa
RF23R6301SR/AA,https://www.samsungparts.com/blogs/refrigerator/rf23r6301sr-aa
RF24BB620012AA,https://www.samsungparts.com/blogs/refrigerator/rf24bb620012aa
RF24BB6200APAA,https://www.samsungparts.com/blogs/refrigerator/rf24bb6200apaa
RF24BB6200QLAA,https://www.samsungparts.com/blogs/refrigerator/rf24bb6200qlaa
RF24BB660012AA,https://www.samsungparts.com/blogs/refrigerator/rf24bb660012aa
RF24BB6600APAA,https://www.samsungparts.com/blogs/refrigerator/rf24bb6600apaa
RF24BB6600QLAA,https://www.samsungparts.com/blogs/refrigerator/rf24bb6600qlaa
RF24BB69006MAA,https://www.samsungparts.com/blogs/refrigerator/rf24bb69006maa
RF24BB6900ACAA,https://www.samsungparts.com/blogs/refrigerator/rf24bb6900acaa
RF24BB6900AWAA,https://www.samsungparts.com/blogs/refrigerator/rf24bb6900awaa
RF24R7201DT/AA,https://www.samsungparts.com/blogs/refrigerator/rf24r7201dt-aa
RF24R7201SG/AA,https://www.samsungparts.com/blogs/refrigerator/rf24r7201sg-aa
RF24R7201SR/AA,https://www.samsungparts.com/blogs/refrigerator/rf24r7201sr-aa
RF25C5151SR/AA,https://www.samsungparts.com/blogs/refrigerator/rf25c5151sr-aa
RF25C5551SR/AA,https://www.samsungparts.com/blogs/refrigerator/rf25c5551sr-aa
RF25HMIDBSG/AA,https://www.samsungparts.com/blogs/refrigerator/rf25hmidbsg-aa
RF25HMIDBSR/AA,https://www.samsungparts.com/blogs/refrigerator/rf25hmidbsr-aa
RF262BEAESR/AA,https://www.samsungparts.com/blogs/refrigerator/rf262beaesr-aa
RF263BEAEBC/AA,https://www.samsungparts.com/blogs/refrigerator/rf263beaebc-aa
RF263BEAESG/AA,https://www.samsungparts.com/blogs/refrigerator/rf263beaesg-aa
RF263BEAESR/AA,https://www.samsungparts.com/blogs/refrigerator/rf263beaesr-aa
RF263BEAEWW/AA,https://www.samsungparts.com/blogs/refrigerator/rf263beaeww-aa
RF263TEAESR/AA,https://www.samsungparts.com/blogs/refrigerator/rf263teaesr-aa
RF265BEAESG/AA,https://www.samsungparts.com/blogs/refrigerator/rf265beaesg-aa
RF265BEAESR/AA,https://www.samsungparts.com/blogs/refrigerator/rf265beaesr-aa
RF26CG7400SRAA,https://www.samsungparts.com/blogs/refrigerator/rf26cg7400sraa
RF26J7500SR/AA,https://www.samsungparts.com/blogs/refrigerator/rf26j7500sr-aa
RF26J7500WW/AA,https://www.samsungparts.com/blogs/refrigerator/rf26j7500ww-aa
RF26J7510SR/AA,https://www.samsungparts.com/blogs/refrigerator/rf26j7510sr-aa
RF27CG5100SRAA,https://www.samsungparts.com/blogs/refrigerator/rf27cg5100sraa
RF27CG5400SRAA,https://www.samsungparts.com/blogs/refrigerator/rf27cg5400sraa
RF27CG5900SRAA,https://www.samsungparts.com/blogs/refrigerator/rf27cg5900sraa
RF27CG5B10SRAA,https://www.samsungparts.com/blogs/refrigerator/rf27cg5b10sraa
RF27T5201SG/AA,https://www.samsungparts.com/blogs/refrigerator/rf27t5201sg-aa
RF27T5201WW/AA,https://www.samsungparts.com/blogs/refrigerator/rf27t5201ww-aa
RF27T5241SG/AA,https://www.samsungparts.com/blogs/refrigerator/rf27t5241sg-aa
RF27T5501SG/AA,https://www.samsungparts.com/blogs/refrigerator/rf27t5501sg-aa
RF28A6224SR/AA,https://www.samsungparts.com/blogs/refrigerator/rf28a6224sr-aa
RF28HFEDBSG/AA,https://www.samsungparts.com/blogs/refrigerator/rf28hfedbsg-aa
RF28HFEDBSR/AA,https://www.samsungparts.com/blogs/refrigerator/rf28hfedbsr-aa
RF28HFEDBWW/AA,https://www.samsungparts.com/blogs/refrigerator/rf28hfedbww-aa
RF28HMEDBSG/AA,https://www.samsungparts.com/blogs/refrigerator/rf28hmedbsg-aa
RF28JBEDBSG/AA,https://www.samsungparts.com/blogs/refrigerator/rf28jbedbsg-aa
RF28JBEDBSR/AA,https://www.samsungparts.com/blogs/refrigerator/rf28jbedbsr-aa
RF28K9070SG/AA,https://www.samsungparts.com/blogs/refrigerator/rf28k9070sg-aa
RF28K9070SR/AA,https://www.samsungparts.com/blogs/refrigerator/rf28k9070sr-aa
RF28K9380SG/AA,https://www.samsungparts.com/blogs/refrigerator/rf28k9380sg-aa
RF28K9380SR/AA,https://www.samsungparts.com/blogs/refrigerator/rf28k9380sr-aa
RF28K9580SG/AA,https://www.samsungparts.com/blogs/refrigerator/rf28k9580sg-aa
RF28M9580SG/AA,https://www.samsungparts.com/blogs/refrigerator/rf28m9580sg-aa
RF28M9580SR/AA,https://www.samsungparts.com/blogs/refrigerator/rf28m9580sr-aa
RF28N9780SG/AA,https://www.samsungparts.com/blogs/refrigerator/rf28n9780sg-aa
RF28N9780SR/AA,https://www.samsungparts.com/blogs/refrigerator/rf28n9780sr-aa
RF28NHEDBSR/AA,https://www.samsungparts.com/blogs/refrigerator/rf28nhedbsr-aa
RF28R6201DT/AA,https://www.samsungparts.com/blogs/refrigerator/rf28r6201dt-aa
RF28R6201SG/AA,https://www.samsungparts.com/blogs/refrigerator/rf28r6201sg-aa
RF28R6201SR/AA,https://www.samsungparts.com/blogs/refrigerator/rf28r6201sr-aa
RF28R6202WW/AA,https://www.samsungparts.com/blogs/refrigerator/rf28r6202ww-aa
RF28R6221SR/AA,https://www.samsungparts.com/blogs/refrigerator/rf28r6221sr-aa
RF28R6222WW/AA,https://www.samsungparts.com/blogs/refrigerator/rf28r6222ww-aa
RF28R6241SR/AA,https://www.samsungparts.com/blogs/refrigerator/rf28r6241sr-aa
RF28R6301DT/AA,https://www.samsungparts.com/blogs/refrigerator/rf28r6301dt-aa
RF28R6301SG/AA,https://www.samsungparts.com/blogs/refrigerator/rf28r6301sg-aa
RF28R6301SR/AA,https://www.samsungparts.com/blogs/refrigerator/rf28r6301sr-aa
RF28R7201DT/AA,https://www.samsungparts.com/blogs/refrigerator/rf28r7201dt-aa
RF28R7201SG/AA,https://www.samsungparts.com/blogs/refrigerator/rf28r7201sg-aa
RF28R7201SR/AA,https://www.samsungparts.com/blogs/refrigerator/rf28r7201sr-aa
RF28R7351DT/AA,https://www.samsungparts.com/blogs/refrigerator/rf28r7351dt-aa
RF28R7351SG/AA,https://www.samsungparts.com/blogs/refrigerator/rf28r7351sg-aa
RF28R7351SR/AA,https://www.samsungparts.com/blogs/refrigerator/rf28r7351sr-aa
RF28R7551DT/AA,https://www.samsungparts.com/blogs/refrigerator/rf28r7551dt-aa
RF28R7551SG/AA,https://www.samsungparts.com/blogs/refrigerator/rf28r7551sg-aa
RF28R7551SR/AA,https://www.samsungparts.com/blogs/refrigerator/rf28r7551sr-aa
RF28T5001SG/AA,https://www.samsungparts.com/blogs/refrigerator/rf28t5001sg-aa
RF28T5001WW/AA,https://www.samsungparts.com/blogs/refrigerator/rf28t5001ww-aa
RF28T5021SG/AA,https://www.samsungparts.com/blogs/refrigerator/rf28t5021sg-aa
RF28T5101SG/AA,https://www.samsungparts.com/blogs/refrigerator/rf28t5101sg-aa
RF28T5101WW/AA,https://www.samsungparts.com/blogs/refrigerator/rf28t5101ww-aa
RF29A9071SG/AA,https://www.samsungparts.com/blogs/refrigerator/rf29a9071sg-aa
RF29A9071SR/AA,https://www.samsungparts.com/blogs/refrigerator/rf29a9071sr-aa
RF29A9671SG/AA,https://www.samsungparts.com/blogs/refrigerator/rf29a9671sg-aa
RF29A9671SR/AA,https://www.samsungparts.com/blogs/refrigerator/rf29a9671sr-aa
RF29A967512/AA,https://www.samsungparts.com/blogs/refrigerator/rf29a967512-aa
RF29A967535/AA,https://www.samsungparts.com/blogs/refrigerator/rf29a967535-aa
RF29A967541/AA,https://www.samsungparts.com/blogs/refrigerator/rf29a967541-aa
RF29A9675AP/AA,https://www.samsungparts.com/blogs/refrigerator/rf29a9675ap-aa
RF29A9675MT/AA,https://www.samsungparts.com/blogs/refrigerator/rf29a9675mt-aa
RF29A9771SG/AA,https://www.samsungparts.com/blogs/refrigerator/rf29a9771sg-aa
RF29A9771SR/AA,https://www.samsungparts.com/blogs/refrigerator/rf29a9771sr-aa
RF29BB820012AA,https://www.samsungparts.com/blogs/refrigerator/rf29bb820012aa
RF29BB8200APAA,https://www.samsungparts.com/blogs/refrigerator/rf29bb8200apaa
RF29BB8200QLAA,https://www.samsungparts.com/blogs/refrigerator/rf29bb8200qlaa
RF29BB860012AA,https://www.samsungparts.com/blogs/refrigerator/rf29bb860012aa
RF29BB86004MAA,https://www.samsungparts.com/blogs/refrigerator/rf29bb86004maa
RF29BB8600APAA,https://www.samsungparts.com/blogs/refrigerator/rf29bb8600apaa
RF29BB8600QLAA,https://www.samsungparts.com/blogs/refrigerator/rf29bb8600qlaa
RF29BB890012AA,https://www.samsungparts.com/blogs/refrigerator/rf29bb890012aa
RF29BB89008MAA,https://www.samsungparts.com/blogs/refrigerator/rf29bb89008maa
RF29BB8900ACAA,https://www.samsungparts.com/blogs/refrigerator/rf29bb8900acaa
RF29BB8900AWAA,https://www.samsungparts.com/blogs/refrigerator/rf29bb8900awaa
RF29BB8900QKAA,https://www.samsungparts.com/blogs/refrigerator/rf29bb8900qkaa
RF29CB9900QKAA,https://www.samsungparts.com/blogs/refrigerator/rf29cb9900qkaa
RF29DB960012AA,https://www.samsungparts.com/blogs/refrigerator/rf29db960012aa
RF29DB9600APAA,https://www.samsungparts.com/blogs/refrigerator/rf29db9600apaa
RF29DB9600QLAA,https://www.samsungparts.com/blogs/refrigerator/rf29db9600qlaa
RF29DB970012AA,https://www.samsungparts.com/blogs/refrigerator/rf29db970012aa
RF29DB9700QLAA,https://www.samsungparts.com/blogs/refrigerator/rf29db9700qlaa
RF29DB9750QLAA,https://www.samsungparts.com/blogs/refrigerator/rf29db9750qlaa
RF29DB990012AA,https://www.samsungparts.com/blogs/refrigerator/rf29db990012aa
RF29DB9900QDAA,https://www.samsungparts.com/blogs/refrigerator/rf29db9900qdaa
RF30BB620012AA,https://www.samsungparts.com/blogs/refrigerator/rf30bb620012aa
RF30BB6200APAA,https://www.samsungparts.com/blogs/refrigerator/rf30bb6200apaa
RF30BB6200QLAA,https://www.samsungparts.com/blogs/refrigerator/rf30bb6200qlaa
RF30BB660012AA,https://www.samsungparts.com/blogs/refrigerator/rf30bb660012aa
RF30BB6600APAA,https://www.samsungparts.com/blogs/refrigerator/rf30bb6600apaa
RF30BB6600QLAA,https://www.samsungparts.com/blogs/refrigerator/rf30bb6600qlaa
RF30BB6602QLAA,https://www.samsungparts.com/blogs/refrigerator/rf30bb6602qlaa
RF30BB69006MAA,https://www.samsungparts.com/blogs/refrigerator/rf30bb69006maa
RF30BB6900ACAA,https://www.samsungparts.com/blogs/refrigerator/rf30bb6900acaa
RF30BB6900AWAA,https://www.samsungparts.com/blogs/refrigerator/rf30bb6900awaa
RF30KMEDBSG/AA,https://www.samsungparts.com/blogs/refrigerator/rf30kmedbsg-aa
RF30KMEDBSR/AA,https://www.samsungparts.com/blogs/refrigerator/rf30kmedbsr-aa
RF31CG7200SRAA,https://www.samsungparts.com/blogs/refrigerator/rf31cg7200sraa
RF31CG7220SRAA,https://www.samsungparts.com/blogs/refrigerator/rf31cg7220sraa
RF31CG7400MTAA,https://www.samsungparts.com/blogs/refrigerator/rf31cg7400mtaa
RF31CG7400SRAA,https://www.samsungparts.com/blogs/refrigerator/rf31cg7400sraa
RF32CG5100MTAA,https://www.samsungparts.com/blogs/refrigerator/rf32cg5100mtaa
RF32CG5100SRAA,https://www.samsungparts.com/blogs/refrigerator/rf32cg5100sraa
RF32CG5300SRAA,https://www.samsungparts.com/blogs/refrigerator/rf32cg5300sraa
RF32CG5400MTAA,https://www.samsungparts.com/blogs/refrigerator/rf32cg5400mtaa
RF32CG5400SRAA,https://www.samsungparts.com/blogs/refrigerator/rf32cg5400sraa
RF32CG5900SRAA,https://www.samsungparts.com/blogs/refrigerator/rf32cg5900sraa
RF32CG5B10SRAA,https://www.samsungparts.com/blogs/refrigerator/rf32cg5b10sraa
RF70F23DERAA,https://www.samsungparts.com/blogs/refrigerator/rf70f23deraa
RF70F29DERAA,https://www.samsungparts.com/blogs/refrigerator/rf70f29deraa
RF90F23AECEAA,https://www.samsungparts.com/blogs/refrigerator/rf90f23aeceaa
RF90F23AECRAA,https://www.samsungparts.com/blogs/refrigerator/rf90f23aecraa
RF90F23AEWAA,https://www.samsungparts.com/blogs/refrigerator/rf90f23aewaa
RF90F23BECRAA,https://www.samsungparts.com/blogs/refrigerator/rf90f23becraa
RF90F29AECEAA,https://www.samsungparts.com/blogs/refrigerator/rf90f29aeceaa
RF90F29AECRAA,https://www.samsungparts.com/blogs/refrigerator/rf90f29aecraa
RF90F29AEWAA,https://www.samsungparts.com/blogs/refrigerator/rf90f29aewaa
RF90F29BECRAA,https://www.samsungparts.com/blogs/refrigerator/rf90f29becraa
RH22H9010SG/AA,https://www.samsungparts.com/blogs/refrigerator/rh22h9010sg-aa
RH25H5611SG/AA,https://www.samsungparts.com/blogs/refrigerator/rh25h5611sg-aa
RM80F23VMRAA,https://www.samsungparts.com/blogs/refrigerator/rm80f23vmraa
RS22T5201SG/AA,https://www.samsungparts.com/blogs/refrigerator/rs22t5201sg-aa
RS22T5201SR/AA,https://www.samsungparts.com/blogs/refrigerator/rs22t5201sr-aa
RS22T5561SG/AA,https://www.samsungparts.com/blogs/refrigerator/rs22t5561sg-aa
RS22T5561SR/AA,https://www.samsungparts.com/blogs/refrigerator/rs22t5561sr-aa
RS23A500ASG/AA,https://www.samsungparts.com/blogs/refrigerator/rs23a500asg-aa
RS23A500ASR/AA,https://www.samsungparts.com/blogs/refrigerator/rs23a500asr-aa
RS23CB760012AA,https://www.samsungparts.com/blogs/refrigerator/rs23cb760012aa
RS23CB7600QLAA,https://www.samsungparts.com/blogs/refrigerator/rs23cb7600qlaa
RS25H5111SG/AA,https://www.samsungparts.com/blogs/refrigerator/rs25h5111sg-aa
RS27T5200SG/AA,https://www.samsungparts.com/blogs/refrigerator/rs27t5200sg-aa
RS27T5200SR/AA,https://www.samsungparts.com/blogs/refrigerator/rs27t5200sr-aa
RS27T5200WW/AA,https://www.samsungparts.com/blogs/refrigerator/rs27t5200ww-aa
RS27T5201SR/AA,https://www.samsungparts.com/blogs/refrigerator/rs27t5201sr-aa
RS27T5202SR/AA,https://www.samsungparts.com/blogs/refrigerator/rs27t5202sr-aa
RS27T5561SG/AA,https://www.samsungparts.com/blogs/refrigerator/rs27t5561sg-aa
RS27T5561SR/AA,https://www.samsungparts.com/blogs/refrigerator/rs27t5561sr-aa
RS28A500ASG/AA,https://www.samsungparts.com/blogs/refrigerator/rs28a500asg-aa
RS28A500ASR/AA,https://www.samsungparts.com/blogs/refrigerator/rs28a500asr-aa
RS28A5F61SG/AA,https://www.samsungparts.com/blogs/refrigerator/rs28a5f61sg-aa
RS28A5F61SR/AA,https://www.samsungparts.com/blogs/refrigerator/rs28a5f61sr-aa
RS28CB760012AA,https://www.samsungparts.com/blogs/refrigerator/rs28cb760012aa
RS28CB7600QLAA,https://www.samsungparts.com/blogs/refrigerator/rs28cb7600qlaa
RT16A6195SR/AA,https://www.samsungparts.com/blogs/refrigerator/rt16a6195sr-aa
RT18M6213SR/AA,https://www.samsungparts.com/blogs/refrigerator/rt18m6213sr-aa
RT18M6215SG/AA,https://www.samsungparts.com/blogs/refrigerator/rt18m6215sg-aa
RT18M6215SR/AA,https://www.samsungparts.com/blogs/refrigerator/rt18m6215sr-aa
RT18M6215WW/AA,https://www.samsungparts.com/blogs/refrigerator/rt18m6215ww-aa
RT21M6213SG/AA,https://www.samsungparts.com/blogs/refrigerator/rt21m6213sg-aa
RT21M6213SR/AA,https://www.samsungparts.com/blogs/refrigerator/rt21m6213sr-aa
RT21M6213WW/AA,https://www.samsungparts.com/blogs/refrigerator/rt21m6213ww-aa
RT21M6215SG/AA,https://www.samsungparts.com/blogs/refrigerator/rt21m6215sg-aa
RT21M6215SR/AA,https://www.samsungparts.com/blogs/refrigerator/rt21m6215sr-aa
RT21M6215WW/AA,https://www.samsungparts.com/blogs/refrigerator/rt21m6215ww-aa
RT70F18LASRAA,https://www.samsungparts.com/blogs/refrigerator/rt70f18lasraa
RT70F18LRSRAA,https://www.samsungparts.com/blogs/refrigerator/rt70f18lrsraa
RZ11M7074SA/AA,https://www.samsungparts.com/blogs/refrigerator/rz11m7074sa-aa
RZ11T747431/AA,https://www.samsungparts.com/blogs/refrigerator/rz11t747431-aa
RZ11T747435/AA,https://www.samsungparts.com/blogs/refrigerator/rz11t747435-aa
RZ11T747441/AA,https://www.samsungparts.com/blogs/refrigerator/rz11t747441-aa
